title,link,date
Alumni Spotlight: Anna-Brit Schlaepfer,/blog/alumni-spotlight-anna-brit,2018-03-19
The Art of Outreach,/blog/the-art-of-outreach,2018-02-28
Intro to VS Code,/blog/vscode,2018-02-20
Debugging Like a Developer,/blog/debugging-like-a-developer,2018-02-06
Student Interview: Allie + Stephen on Company Projects,/blog/student-interview-allie-stephen,2018-01-31
A Roadmap for Learning How To Code - Part 1,/blog/roadmap-for-learning-how-to-code-01,2018-01-24
"Staff Spotlight - Jeremy Evans-Smith, Career Services Manager",/blog/staff-spotlight-jeremy-evans-smith,2018-01-18
Computer Science Degree vs. Coding Bootcamp Tradeoffs,/blog/computer-science-vs-coding-bootcamp,2018-01-10
New Year's Resolutions: Developer Edition,/blog/new-years-resolutions,2018-01-02
Student Spotlight: Sean Mangosing,/blog/student-spotlight-sean-mangosing,2017-12-20
